INSERT INTO `bus` (`bus_name`,`description`) VALUES (1,"Consequat Purus Associates"),(2,"Ac Eleifend Vitae Associates"),(3,"Aliquam Consulting"),(4,"Egestas Fusce Aliquet LLP"),(5,"Conubia Nostra Corp."),(6,"Vulputate Limited"),(7,"Pellentesque Eget Foundation"),(8,"Aliquam Ultrices Inc."),(9,"Varius Inc."),(10,"Duis At Limited");
INSERT INTO `bus` (`bus_name`,`description`) VALUES (11,"Vitae Ltd"),(12,"Consequat Auctor Industries"),(13,"Dolor Donec PC"),(14,"Lorem Associates"),(15,"Lobortis Mauris Suspendisse Inc."),(16,"Cum Sociis Natoque Corporation"),(17,"Nunc Sed Company"),(18,"Turpis Egestas Aliquam Inc."),(19,"Tellus Phasellus Elit Inc."),(20,"Libero Integer Incorporated");

INSERT INTO `Station` (`name`) VALUES ("La Unión"),("Gijzelbrechtegem"),("Mattersburg"),("Bussolengo"),("Essex"),("Missoula"),("Naninne"),("Kapolei"),("Arrah"),("Nijlen");
INSERT INTO `Station` (`name`) VALUES ("Vinh"),("Hanoi"),("HCM"),("Court"),("Lowell"),("Waterloo"),("Mansfield"),("Weyburn"),("Barghe"),("Richmond");

INSERT INTO `route` (`route_from`,`route_to`,`price`,`duration`) VALUES (1,3,61,123),(2,4,69,110),(3,5,44,115),(4,6,65,94),(5,7,41,96),(6,8,64,97),(7,9,62,82),(8,10,65,113),(9,11,48,130),(10,12,54,147);
INSERT INTO `route` (`route_from`,`route_to`,`price`,`duration`) VALUES (11,13,61,83),(12,14,52,111),(13,15,63,94),(14,16,64,122),(15,17,53,124),(16,18,50,135),(17,19,64,118),(18,20,52,109),(19,2,51,135),(20,2,56,150);

INSERT INTO `journey` (`depart_date`,`depart_time`,`bus`,`route_id`) VALUES ("19/02/14","08:22:10",1,3),("19/05/01","11:14:01",5,3),("18/08/31","10:56:45",11,20),("19/04/12","01:19:23",5,12),("18/07/26","18:47:50",15,7),("19/04/01","15:16:56",13,18),("19/04/06","15:36:53",20,17),("18/11/10","19:22:09",10,16),("19/05/27","18:02:56",5,15),("18/07/30","22:39:19",5,8);
INSERT INTO `journey` (`depart_date`,`depart_time`,`bus`,`route_id`) VALUES ("18/06/22","15:01:12",3,1),("19/04/24","07:27:24",3,8),("18/06/14","21:21:17",13,8),("19/05/15","09:14:58",20,15),("19/04/21","16:17:37",12,6),("18/12/07","10:49:23",13,6),("18/10/18","10:54:19",7,8),("18/12/16","11:06:39",1,19),("19/03/12","19:14:19",4,6),("19/05/13","19:41:45",4,5);
INSERT INTO `journey` (`depart_date`,`depart_time`,`bus`,`route_id`) VALUES ("19/01/06","23:05:30",11,9),("19/03/26","23:51:07",11,1),("18/11/01","06:17:28",17,17),("18/07/19","23:33:38",8,19),("19/06/15","03:55:57",13,4),("18/12/11","17:37:40",16,18),("18/10/17","04:42:13",19,11),("19/06/10","22:33:42",5,3),("18/08/25","15:05:22",18,4),("19/04/02","08:22:07",1,6);
INSERT INTO `journey` (`depart_date`,`depart_time`,`bus`,`route_id`) VALUES ("19/04/08","04:42:47",11,13),("19/06/09","18:44:11",6,16),("18/06/08","20:05:39",1,9),("18/08/27","06:28:17",7,3),("18/07/08","04:29:43",19,14),("18/11/12","10:43:35",2,3),("18/09/14","04:27:22",2,19),("19/04/25","01:44:34",11,16),("18/12/29","08:33:25",10,1),("18/06/24","01:26:10",2,19);
INSERT INTO `journey` (`depart_date`,`depart_time`,`bus`,`route_id`) VALUES ("18/06/22","20:52:15",19,1),("18/06/22","17:24:44",5,1),("19/03/06","14:11:15",14,16),("19/04/25","14:39:38",16,18),("18/10/24","13:09:03",18,4),("19/05/30","11:53:51",20,12),("19/02/13","10:45:44",5,18),("19/03/06","20:50:30",7,8),("18/11/21","14:03:09",20,13),("19/04/08","02:44:33",12,19);
